source,target,regex,code
/ai-powered-dispatch-software-control-costs-earn-loyalty-become-the-preferred-provider-in-2026,https://arriveping.com/blog/ai-powered-dispatch-software,0,301
/how-ai-is-automating-field-service-safety-in-2026,https://arriveping.com/blog,0,301
/resilient-edge-infrastructure-field-service,https://arriveping.com/blog,0,301
/12-hidden-costs-manual-field-service-operations,https://arriveping.com/blog/12-hidden-costs-manual-field-service-operations,0,301
/your-customers-deserve-the-same-service-as-uber,https://arriveping.com/blog/customers-deserve-uber-like-service,0,301
/profitability-of-preference-cheapest-contractor-loses-margin-war,https://arriveping.com/blog/cheapest-contractor-loses-margin-war,0,301
/dont-your-customers-deserve-the-same-service-as-uber,https://arriveping.com/blog/customers-deserve-uber-like-service,0,301
/the-high-cost-of-inefficiency,https://arriveping.com/blog/winners-in-the-trades-execute-better,0,301
/field-service-software-real-time-visibility-2026,https://arriveping.com/blog/field-service-software-real-time-visibility-2026,0,301
/ai-adoption-gap-field-service-companies,https://arriveping.com/blog/ai-adoption-gap-field-service-companies,0,301
/real-time-technician-tracking-field-service-benefits,https://arriveping.com/blog/real-time-technician-tracking-field-service-benefits,0,301
/ai-divide-construction-how-fast-mo,https://arriveping.com/blog/ai-divide-in-construction,0,301
/construction-communication-31-billion-rework-problem-nvc360,https://arriveping.com/blog/construction-communication-rework-cost,0,301
/become-preferred-vendor-convenience-communication-price-sensitivity,https://arriveping.com/blog/become-a-preferred-vendor,0,301
/phone-tag-cost-field-service-nvc360-solution,https://arriveping.com/blog/phone-tag-cost-field-service,0,301
/ineffective-communication-costs-field-service-businesses,https://arriveping.com/blog/ineffective-communication-costs-field-service-businesses,0,301
/ineffective-communication-field-service-cost-nvc360,https://arriveping.com/blog/hidden-cost-of-ineffective-communication,0,301
/uber-effect-field-service-price-sensitivity,https://arriveping.com/blog/uber-effect-field-service-price-sensitivity,0,301
/field-service-management-industry-nvc360-comparison,https://arriveping.com/blog/field-service-software-landscape,0,301
/how-real-time-technician-tracking-improves-job-completion-rates,https://arriveping.com/blog/how-real-time-technician-tracking-improves-job-completion-rates,0,301
/the-secret-to-winning-in-home-services,https://arriveping.com/blog/the-secret-to-winning-in-home-services,0,301
/why-your-25-pizza-has-better-tracking-than-your-5000-furnace-repair,https://arriveping.com/blog/pizza-tracking-vs-furnace-repair,0,301
/the-uber-effect-why-your-customers-demand-real-time-service-and-how-to-deliver-it,https://arriveping.com/blog/uber-effect-real-time-service,0,301
/uberize-your-field-service-business,https://arriveping.com/blog/uberize-your-field-service-business,0,301
/the-uber-effect-friction-trust-market-share,https://arriveping.com/blog/uber-effect-less-friction-wins,0,301
/from-phone-tag-to-peace-of-mind-redefine-your-client-experience,https://arriveping.com/blog/from-phone-tag-to-peace-of-mind,0,301
/solving-the-construction-labor-shortage-how-technology-can-replace-20-of-your-workforce-without-layoffs,https://arriveping.com/blog/construction-labor-shortage-technology,0,301
/waiting-4-hours-for-your-service-technician,https://arriveping.com/blog/waiting-4-hours-for-your-service-technician,0,301
/whats-trending-in-servicetitan-right-now-and-what-it-means-for-your-field-service-business,https://arriveping.com/blog/servicetitan-trends-what-they-mean,0,301
/reduce-costs-improve-customer-experience-and-scale-faster,https://arriveping.com/blog/reduce-costs-improve-customer-experience-and-scale-faster,0,301
/the-silent-drain-how-phone-tag-is-costing-your-field-service-business,https://arriveping.com/blog/the-silent-drain-how-phone-tag-is-costing-your-field-service-business,0,301
/becomingpreferred,https://arriveping.com/blog/why-4-hour-service-windows-are-killing-your-brand,0,301
/end-the-4-hour-service-window,https://arriveping.com/blog/end-the-4-hour-service-window,0,301
/end-phone-tag,https://arriveping.com/blog/from-phone-tag-to-peace-of-mind,0,301
/transforming-field-operations-in-2026,https://arriveping.com/blog/transforming-field-operations-in-2026,0,301
/why-ai-alone-wont-grow-your-trade-business-and-what-will,https://arriveping.com/blog/why-ai-alone-wont-grow-your-trade-business-and-what-will,0,301
/live-tracking-promise-of-transparency-trust-and-efficiency,https://arriveping.com/blog/live-tracking-promise-of-transparency-trust-and-efficiency,0,301
/nvc360-will-uberize-your-business-and-transform-relationships,https://arriveping.com/blog/uberize-your-business-transform-customer-relationships,0,301
/winnipegs-field-service-businesses-are-switching-to-nvc360,https://arriveping.com/blog,0,301
/enhancing-customer-satisfaction-through-real-time-eta-updates,https://arriveping.com/blog/enhancing-customer-satisfaction-through-real-time-eta-updates,0,301
/blog,https://arriveping.com/blog,0,301
^/category/.*,https://arriveping.com/blog,1,301
